id,nombre,telefono
1,Gan,511-233-2694
2,Loraine,370-277-7793
3,Francine,276-775-8027
4,Arin,512-208-0094
5,Leonelle,581-956-5287
6,Chrissy,198-150-4201
7,Mariana,506-417-2529
8,Edouard,156-715-4358
9,Nathan,227-328-4006
10,Antone,399-613-1120
11,Gill,506-640-7297
12,Camellia,124-682-4011
13,Gaye,742-227-6427
14,Armand,556-764-4429
15,Jolee,686-830-0660
16,Zorina,993-706-2304
17,Hirsch,980-809-5784
18,Otto,294-412-6905
19,Cass,320-635-9547
20,Marijo,443-959-7712
21,Genny,620-864-9233
22,Arnuad,113-302-6101
23,Ludwig,178-744-9353
24,Beitris,928-443-0271
25,Kitty,882-683-3578
26,Say,771-797-0463
27,Neal,229-740-9229
28,Dwain,381-162-0338
29,Andris,363-662-2412
30,Cheslie,681-602-7516
31,Douglass,147-129-4533
32,Arvin,408-272-5165
33,Karine,508-627-8457
34,Elspeth,269-905-3674
35,Fonz,320-534-6111
36,Elianora,404-320-8189
37,Hy,150-741-5220
38,Josias,773-876-2489
39,Melly,225-459-3572
40,Alfie,405-899-4744
41,Roxy,529-316-9206
42,Raimundo,520-144-1573
43,Kenny,200-882-4230
44,Demetris,272-497-0993
45,Augustine,502-784-6395
46,Dame,519-429-4976
47,Ilene,717-512-4323
48,Rogerio,952-116-0133
49,Odella,885-693-8563
50,Kelwin,112-493-2224
